"filename", "language", "JSON", "Markdown", "comment", "blank", "total"
"d:\zyt\git_ln\algo_agent\docs\03_aella\aella_api_req\1_papers.json", "JSON", 1068100, 0, 0, 0, 1068100
"d:\zyt\git_ln\algo_agent\docs\03_aella\aella_api_req\2_papers,18721.json", "JSON", 196, 0, 0, 0, 196
"d:\zyt\git_ln\algo_agent\docs\03_aella\aella_api_req\3_clusters.json", "JSON", 604, 0, 0, 0, 604
"d:\zyt\git_ln\algo_agent\docs\03_aella\aella_api_req\4_search.json", "JSON", 844, 0, 0, 0, 844
"d:\zyt\git_ln\algo_agent\docs\03_aella\aella_api_req\5_temporal-data.json", "JSON", 12728, 0, 0, 0, 12728
"d:\zyt\git_ln\algo_agent\docs\03_aella\aella_api_req\6_samples.json", "JSON", 98, 0, 0, 0, 98
"d:\zyt\git_ln\algo_agent\docs\03_aella\aella_api_req\7_samples,29.json", "JSON", 11, 0, 0, 0, 11
"d:\zyt\git_ln\algo_agent\docs\03_aella\aella_api_req\all_api_results-7.json", "JSON", 1068102, 0, 0, 0, 1068102
"d:\zyt\git_ln\algo_agent\docs\03_aella\aella_api_req\total.md", "Markdown", 0, 0, 0, 1, 1
"Total", "-", 2150683, 0, 0, 1, 2150684